Fullname,Lastname,Firstname
小池百合子,小池,百合子
山田太郎,山田,太郎
帯刀和直,帯刀,和直
柏原真人,柏原,真人
田中太郎,田中,太郎
安倍晋三,安倍,晋三
鈴木一郎,鈴木,一郎
木村拓哉,木村,拓哉
佐藤健,佐藤,健
田中実,田中,実
生天目信幸,生天目,信幸
田中圭,田中,圭
佐藤太郎,佐藤,太郎
野村卓也,野村,卓也
高橋央,高橋,央
野村博,野村,博
織田信長,織田,信長
山田涼介,山田,涼介
工藤新一,工藤,新一
大塚實,大塚,實
佐藤大輔,佐藤,大輔
越後清志,越後,清志
半沢直樹,半沢,直樹
水野光,水野,光
早川優,早川,優
星野源,星野,源
松本潤,松本,潤
村上泰子,村上,泰子
平沢進,平沢,進
山田花子,山田,花子
鈴木健太,鈴木,健太
菊地佳子,菊地,佳子
鈴木智美,鈴木,智美
山村貞子,山村,貞子
卍山下龍興,卍山下,龍興
山田一郎,山田,一郎
浦島太郎,浦島,太郎
平忠雄,平,忠雄
遠藤さくら,遠藤,さくら
塚田智子,塚田,智子
平田恵,平田,恵
細川由美,細川,由美
山本太郎,山本,太郎
木村圭,木村,圭
榎本正,榎本,正
河野美穂,河野,美穂
松本和人,松本,和人
今井和也,今井,和也
清水真,清水,真
丸山武光,丸山,武光
澤田京子,澤田,京子
松永直人,松永,直人
小野善久,小野,善久
佐々木裕美,佐々木,裕美
八木徹,八木,徹
田口実,田口,実
原敬,原,敬
森田慎司,森田,慎司
塩飽稔,塩飽,稔
田中一郎,田中,一郎
日暮昇,日暮,昇
新川誠,新川,誠
熊谷由佳里,熊谷,由佳里
加藤純一,加藤,純一
秋篠文一,秋篠,文一
和田一輝,和田,一輝
田島聡,田島,聡
近藤正之,近藤,正之
福沢諭吉,福沢,諭吉
樋口薫,樋口,薫
小林信之,小林,信之
多田久美子,多田,久美子
中野東吾,中野,東吾
林亮太,林,亮太
田中龍太郎,田中,龍太郎
石原さとみ,石原,さとみ
代田雅夫,代田,雅夫
丸山亮,丸山,亮
山岸健一,山岸,健一
吉野文彦,吉野,文彦
三宅峰子,三宅,峰子
鈴木太郎,鈴木,太郎
金子巌,金子,巌
前田健太郎,前田,健太郎
伊藤優,伊藤,優
佐藤光一,佐藤,光一
坂本淳,坂本,淳
三浦敏夫,三浦,敏夫
小林愛,小林,愛
平茂,平,茂
中山俊之,中山,俊之
佐藤一郎,佐藤,一郎
菊地章,菊地,章
小川祐一,小川,祐一
倉内雄一郎,倉内,雄一郎
村田和代,村田,和代
今野裕,今野,裕
野口英世,野口,英世
高橋千恵,高橋,千恵
岩田明美,岩田,明美
加藤敏彦,加藤,敏彦
星宏美,星,宏美
渡辺正敏,渡辺,正敏
伊藤誠,伊藤,誠
藤原清,藤原,清
一丸勝彦,一丸,勝彦
田村正和,田村,正和
三浦貴史,三浦,貴史
池田葵,池田,葵
今井美奈子,今井,美奈子
竹田隆一,竹田,隆一
権藤卓也,権藤,卓也
岡芳寛,岡,芳寛
仲村望,仲村,望
卜部晃,卜部,晃
佐藤令和,佐藤,令和
峰不二子,峰,不二子
石島道康,石島,道康
毛利真一,毛利,真一
山崎敏夫,山崎,敏夫
福島明,福島,明
田中正敏,田中,正敏
宮崎勤,宮崎,勤
渡辺千鶴,渡辺,千鶴
三島直人,三島,直人
松本人志,松本,人志
坂本誠,坂本,誠
伊藤まゆみ,伊藤,まゆみ
力石徹,力石,徹
大野智,大野,智
浜崎順平,浜崎,順平
中川奨,中川,奨
工藤明大,工藤,明大
菅野真由美,菅野,真由美
加藤智子,加藤,智子
関稔,関,稔
林和代,林,和代
山田敏彦,山田,敏彦
長嶋茂雄,長嶋,茂雄
大塚裕司,大塚,裕司
山崎正也,山崎,正也
佐々木希,佐々木,希
阿部秀俊,阿部,秀俊
山下智久,山下,智久
井上みどり,井上,みどり
赤井秀一,赤井,秀一
藤本知恵,藤本,知恵
堂本剛,堂本,剛
二宮和也,二宮,和也
矢沢永吉,矢沢,永吉
大野真司,大野,真司
高橋大輔,高橋,大輔
石原慎太郎,石原,慎太郎
孫悟空,孫,悟空
加藤美和,加藤,美和
清水真太郎,清水,真太郎
佐々木秀幸,佐々木,秀幸
加藤正敏,加藤,正敏
三上聖,三上,聖
窪田正孝,窪田,正孝
佐藤仁美,佐藤,仁美
佐藤裕太,佐藤,裕太
土屋弘,土屋,弘
金子典子,金子,典子
山本敏博,山本,敏博
中田中,中田,中
中村ひとみ,中村,ひとみ
江田元,江田,元
鼻毛豊,鼻毛,豊
中谷幸子,中谷,幸子
佐藤正敏,佐藤,正敏
加藤歩,加藤,歩
成田妙子,成田,妙子
両津勘吉,両津,勘吉
開発光,開発,光
愛植男,愛,植男
田中宏和,田中,宏和
三木武則,三木,武則
山内由美,山内,由美
福山雅治,福山,雅治
秋元康,秋元,康
佐藤勝利,佐藤,勝利
和田武士,和田,武士
福田秀行,福田,秀行
鈴木大介,鈴木,大介
佐藤正幸,佐藤,正幸
伊藤博文,伊藤,博文
中村由美子,中村,由美子
杉山光,杉山,光
野田千秋,野田,千秋
鈴木珠美,鈴木,珠美
鈴木悠太,鈴木,悠太
池田大作,池田,大作
三井朝美,三井,朝美
佐藤誠,佐藤,誠
山口亮,山口,亮
杉山香織,杉山,香織
伊藤信子,伊藤,信子
豊臣秀吉,豊臣,秀吉
伊藤舞,伊藤,舞
佐藤大介,佐藤,大介
田村和男,田村,和男
山下裕子,山下,裕子
田中健太,田中,健太
田中祐二,田中,祐二
伊藤みどり,伊藤,みどり
小林友美,小林,友美
田中直樹,田中,直樹
清水健,清水,健
川田達也,川田,達也
鈴木久美子,鈴木,久美子
中川佳一,中川,佳一
吉藤勲,吉藤,勲
伊藤和男,伊藤,和男
木村拓也,木村,拓也
中西祐子,中西,祐子
田中優貴,田中,優貴
小林幸子,小林,幸子
中井大介,中井,大介
鈴木隼人,鈴木,隼人
宮本武蔵,宮本,武蔵
本田翼,本田,翼
佐藤由起,佐藤,由起
山野大樹,山野,大樹
森本裕之,森本,裕之
石丸誠二,石丸,誠二
鳥山明,鳥山,明
大森美和,大森,美和
佐藤真由美,佐藤,真由美
中山昭二,中山,昭二
佐藤大樹,佐藤,大樹
鈴木隆,鈴木,隆
田中聡,田中,聡
中村圭佑,中村,圭佑
森本雅子,森本,雅子
毒島薫,毒島,薫
田中大輔,田中,大輔
田所浩二,田所,浩二
御菩薩池宏,御菩薩池,宏
谷口幸生,谷口,幸生
山下健二郎,山下,健二郎
佐藤光,佐藤,光
神林淳,神林,淳
小林由佳,小林,由佳
吉田茂,吉田,茂
窪田昭寿,窪田,昭寿
佐藤愛,佐藤,愛
鈴木亮平,鈴木,亮平
鈴木愛,鈴木,愛
佐藤隆,佐藤,隆
佐藤和子,佐藤,和子
古川敬子,古川,敬子
佐藤恵子,佐藤,恵子
中村友美,中村,友美
佐藤貴之,佐藤,貴之
雨宮久,雨宮,久
高畑悦子,高畑,悦子
松本幸恵,松本,幸恵
福井雅章,福井,雅章
高岡信治,高岡,信治
大矢根弘,大矢根,弘
鈴木達也,鈴木,達也
橋本優,橋本,優
植田清嗣,植田,清嗣
立川靖雄,立川,靖雄
平塚幸子,平塚,幸子
植村孝夫,植村,孝夫
財前光,財前,光
小林正和,小林,正和
佐藤洋子,佐藤,洋子
花田誠,花田,誠
遊佐学,遊佐,学
田中智子,田中,智子
宮林由佳,宮林,由佳
清水孝一,清水,孝一
加藤祐子,加藤,祐子
坂本勇人,坂本,勇人
山本浩二,山本,浩二
徳田雅人,徳田,雅人
田中賢一,田中,賢一
中村久美子,中村,久美子
須藤義男,須藤,義男
佐藤優,佐藤,優
田中裕子,田中,裕子
田中未来,田中,未来
永徳省二,永徳,省二
山田薫,山田,薫
市場久幸,市場,久幸
田中裕美,田中,裕美
畠山和子,畠山,和子
丹生朴,丹生,朴
林美和子,林,美和子
松本優子,松本,優子
才名園誠,才名園,誠
石上隆行,石上,隆行
岩田剛典,岩田,剛典
阿部政宏,阿部,政宏
佐藤拓也,佐藤,拓也
柑子木裕二,柑子木,裕二
深田恭子,深田,恭子
森直哉,森,直哉
遠山春美,遠山,春美
鈴木実,鈴木,実
佐藤大輝,佐藤,大輝
植松さやか,植松,さやか
高橋浩,高橋,浩
佐藤匠,佐藤,匠
大城久美子,大城,久美子
大倉忠義,大倉,忠義
中村勝彦,中村,勝彦
坂本龍一,坂本,龍一
佐藤米太郎,佐藤,米太郎
木下翔,木下,翔
上田竜也,上田,竜也
山本彩,山本,彩
佐藤智香子,佐藤,智香子
真田幸村,真田,幸村
小野哲哉,小野,哲哉
吉田司,吉田,司
本田菊,本田,菊
山本大輔,山本,大輔
横田晃,横田,晃
中村桂子,中村,桂子
高橋謙介,高橋,謙介
辻本茂雄,辻本,茂雄
毛利元就,毛利,元就
紀平峰夫,紀平,峰夫
若杉征五郎,若杉,征五郎
伊藤大輔,伊藤,大輔
佐藤優子,佐藤,優子
若菜元,若菜,元
角政美,角,政美
高橋尚子,高橋,尚子
鈴木和博,鈴木,和博
大坪由佳,大坪,由佳
加藤綾子,加藤,綾子
井上健太,井上,健太
岡田和也,岡田,和也
平山久美子,平山,久美子
田中春美,田中,春美
鈴木さくら,鈴木,さくら
佐藤純,佐藤,純
小澤薫,小澤,薫
北島岳,北島,岳
神谷浩史,神谷,浩史
佐藤博,佐藤,博
野口光浩,野口,光浩
宮城清二,宮城,清二
鈴木一朗,鈴木,一朗
曽賀学,曽賀,学
関和生,関,和生
成田久右ェ門,成田,久右ェ門
広島孝,広島,孝
桑沢尚樹,桑沢,尚樹
玉谷健二,玉谷,健二
酒匂景寿,酒匂,景寿
田中雅美,田中,雅美
榧木隆,榧木,隆
山下敦,山下,敦
鶴満好,鶴,満好
高橋翔太,高橋,翔太
青木義文,青木,義文
東東,東,東
和田剛,和田,剛
江口直人,江口,直人
吉田裕貴,吉田,裕貴
井上敦雄,井上,敦雄
井上諭,井上,諭
高山秀一,高山,秀一
小林美咲,小林,美咲
岩月洋海,岩月,洋海
鈴木茂,鈴木,茂
大島優子,大島,優子
中野順二,中野,順二
及川徹,及川,徹
佐藤健太,佐藤,健太
阿部美香,阿部,美香
川嶋博之,川嶋,博之
岩崎慎司,岩崎,慎司
桐山博行,桐山,博行
古茶久雄,古茶,久雄
萩原宏美,萩原,宏美
林優,林,優
佐藤達也,佐藤,達也
山田浩毅,山田,浩毅
稲葉亮,稲葉,亮
美馬裕子,美馬,裕子
平井純子,平井,純子
西紋隆弘,西紋,隆弘
伊藤蔵,伊藤,蔵
菊池里美,菊池,里美
藤野良太,藤野,良太
中西勇,中西,勇
小林雄二,小林,雄二
大竹薫,大竹,薫
久野哲雄,久野,哲雄
岡野高志,岡野,高志
六浦清文,六浦,清文
高瀬吉彦,高瀬,吉彦
小野大輔,小野,大輔
藤原大介,藤原,大介
川口弘幸,川口,弘幸
遠藤知也,遠藤,知也
青木一将,青木,一将
田中淳,田中,淳
金子秀明,金子,秀明
永岡千里,永岡,千里
佐藤薫,佐藤,薫
永田直樹,永田,直樹
森千明,森,千明
中島愛,中島,愛
山本悠介,山本,悠介
本間敬子,本間,敬子
佐藤陸,佐藤,陸
大塚弘美,大塚,弘美
三角匡史,三角,匡史
原沢正志,原沢,正志
宮崎学,宮崎,学
内藤一樹,内藤,一樹
八木美和,八木,美和
工藤勇人,工藤,勇人
林敦,林,敦
鈴木剛,鈴木,剛
佐藤正和,佐藤,正和
出口美穂,出口,美穂
工藤陽子,工藤,陽子
林大輝,林,大輝
井口和一,井口,和一
志村重幸,志村,重幸
藤井正晃,藤井,正晃
佐藤浩,佐藤,浩
乃一豊,乃一,豊
松岡徹,松岡,徹
佐藤陽子,佐藤,陽子
樋口俊明,樋口,俊明
内尾恭博,内尾,恭博
鈴木善幸,鈴木,善幸
向井理,向井,理
越野愛子,越野,愛子
風間清,風間,清
高橋順一,高橋,順一
遠藤百恵,遠藤,百恵
田口和樹,田口,和樹
本永明,本永,明
金井美樹,金井,美樹
堀川和昭,堀川,和昭
小林仁,小林,仁
河内光則,河内,光則
平山由美子,平山,由美子
松井美代子,松井,美代子
野原浩司,野原,浩司
多田陽子,多田,陽子
田中和人,田中,和人
宮脇仁,宮脇,仁
莅戸儀秀,莅戸,儀秀
初川克司,初川,克司
佐藤臣央,佐藤,臣央
功刀和久,功刀,和久
伊藤香澄,伊藤,香澄
入江栄一,入江,栄一
小野寺香,小野寺,香
川添和久,川添,和久
片岡久美子,片岡,久美子
福田智子,福田,智子
松田聖子,松田,聖子
近藤由美子,近藤,由美子
中地辰夫,中地,辰夫
山下正人,山下,正人
田中潤一,田中,潤一
山元保,山元,保
有吉弘行,有吉,弘行
高尾和成,高尾,和成
田村ゆかり,田村,ゆかり
高橋由起子,高橋,由起子
中野梓,中野,梓
山口達也,山口,達也
高橋直也,高橋,直也
辻田正明,辻田,正明
廿日岩勝利,廿日岩,勝利
鈴木明子,鈴木,明子
前田敦子,前田,敦子
岩下美和,岩下,美和
林浩太,林,浩太
山本香織,山本,香織
近藤尭,近藤,尭
近藤剛,近藤,剛
沖田総司,沖田,総司
原田学,原田,学
田中一朗,田中,一朗
島田昭,島田,昭
西尾政広,西尾,政広
音無雅則,音無,雅則
原田幸典,原田,幸典
松浦雅,松浦,雅
高橋愛,高橋,愛
平良靖,平良,靖
